
{
    "output_dir": "output",
    "report_dir": "reports",
    "template_dir": "templates",
    "log_dir": "logs",

    "simcraft": {
        "best_of": 20,
        "template": "dh.legion.simc",
        "process_template": "proc_{}.simc",
        "executeable": "/simulationcraft/simc.exe",
        "html": "html/simc_report_{}.html",
        "json": "json/simc_report_{}.json",
        "override_spec": true,
        "override_talents": true,
        "replace_weaponhand_enum": true
    },

    "statistic": {
        "tolerance": 0.0,
        "threshold": 0
    },

    "replaces": {
        "items": [
            {
                "slot": "neck",
                "id": 158075,
                "name": "",
                "gem_id": "",
                "bonus_id": "4932/4933/4936/1500",
                "relic_id": "",
                "enchant_id": 0,
                "azerite_powers": "",
                "azerite_level": 15
            }
        ],

        "enchantments": [
            {
                "slot": "finger",
                "id": 5427
            }
        ]
    },

    "limits": [
        {
            "max": 2,
            "items": [
                137061,
                132444,
                144279,
                137071,
                151798,
                137066,
                137014,
                137090,
                137091,
                144292,
                133976,
                151799,
                138949,
                137022,
                151639,
                152626,
                138854,
                144249,
                144259,
                151798
            ]
        }
    ]
}